Station ID,Complex ID,GTFS Stop ID,Division,Line,STATION,Borough,Daytime Routes,Structure,GTFS Latitude,GTFS Longitude,North Direction Label,South Direction Label
119,119,L06,BMT,Canarsie,1 AV,M,L,Subway,40.730953,-73.981628,8 Av,Brooklyn
156,156,A18,IND,8th Av - Fulton St,103 ST,M,B C,Subway,40.796092,-73.961454,Uptown & The Bronx,Downtown & Brooklyn
309,309,119,IRT,Broadway - 7Av,103 ST,M,1,Subway,40.799446,-73.968379,Uptown & The Bronx,Downtown
395,395,624,IRT,Lexington Av,103 ST,M,6,Subway,40.7906,-73.947478,Uptown & The Bronx,Downtown
450,450,706,IRT,Flushing,103 ST-CORONA,Q,7,Elevated,40.749865,-73.8627,Flushing,Manhattan
82,82,J14,BMT,Jamaica,104 ST,Q,J Z,Elevated,40.695178,-73.84433,Jamaica,Manhattan
193,193,A63,IND,Liberty Av,104 ST,Q,A,Elevated,40.681711,-73.837683,Manhattan,Lefferts Blvd
394,394,623,IRT,Lexington Av,110 ST,M,6,Subway,40.79502,-73.94425,Uptown & The Bronx,Downtown
449,449,705,IRT,Flushing,111 ST,Q,7,Elevated,40.75173,-73.855334,Flushing,Manhattan
81,81,J13,BMT,Jamaica,111 ST,Q,J,Elevated,40.697418,-73.836345,Jamaica,Manhattan
194,194,A64,IND,Liberty Av,111 ST,Q,A,Elevated,40.684331,-73.832163,Manhattan,Lefferts Blvd
154,154,A16,IND,8th Av - Fulton St,116 ST,M,B C,Subway,40.805085,-73.954882,Uptown & The Bronx,Downtown & Brooklyn
440,440,226,IRT,Lenox - White Plains Rd,116 ST,M,2 3,Subway,40.802098,-73.949625,Uptown & The Bronx,Downtown & Brooklyn
393,393,622,IRT,Lexington Av,116 ST,M,6,Subway,40.798629,-73.941617,Uptown & The Bronx,Downtown
307,307,117,IRT,Broadway - 7Av,116 ST-COLUMBIA,M,1,Subway,40.807722,-73.96411,Uptown & The Bronx,Downtown
80,80,J12,BMT,Jamaica,121 ST,Q,J Z,Elevated,40.700492,-73.828294,Jamaica,Manhattan
153,153,A15,IND,8th Av - Fulton St,125 ST,M,A B C D,Subway,40.811109,-73.952343,Uptown & The Bronx,Downtown & Brooklyn
306,306,116,IRT,Broadway - 7Av,125 ST,M,1,Elevated,40.815581,-73.958372,Uptown & The Bronx,Downtown
439,439,225,IRT,Lenox - White Plains Rd,125 ST,M,2 3,Subway,40.807754,-73.945495,Uptown & The Bronx,Downtown & Brooklyn
392,392,621,IRT,Lexington Av,125 ST,M,4 5 6,Subway,40.804138,-73.937594,The Bronx,Downtown & Brooklyn
152,152,A14,IND,8th Av - Fulton St,135 ST,M,B C,Subway,40.817894,-73.947649,Uptown & The Bronx,Downtown & Brooklyn
438,438,224,IRT,Lenox - White Plains Rd,135 ST,M,2 3,Subway,40.814229,-73.94077,Uptown & The Bronx,Downtown & Brooklyn
305,305,115,IRT,Broadway - 7Av,137 ST CITY COL,M,1,Subway,40.822008,-73.953676,Uptown & The Bronx,Downtown
391,391,416,IRT,Jerome Av,138/GRAND CONC,Bx,4 5,Subway,40.813224,-73.929849,Woodlawn - Eastchester Dyre Av,Manhattan
15,602,R20,BMT,Broadway - Brighton,14 ST-UNION SQ,M,N Q R W,Subway,40.735736,-73.990568,Uptown & Queens,Downtown & Brooklyn
406,602,635,IRT,Lexington Av,14 ST-UNION SQ,M,4 5 6,Subway,40.734673,-73.989951,Uptown & The Bronx,Downtown & Brooklyn
151,151,A12,IND,8th Av - Fulton St,145 ST,M,A C,Subway,40.824783,-73.944216,Uptown & The Bronx,Downtown & Brooklyn
304,304,114,IRT,Broadway - 7Av,145 ST,M,1,Subway,40.826551,-73.95036,Uptown & The Bronx,Downtown
151,151,D13,IND,Concourse,145 ST,M,B D,Subway,40.824783,-73.944216,Uptown & The Bronx,Downtown & Brooklyn
437,437,302,IRT,Lenox - White Plains Rd,145 ST,M,3,Subway,40.820421,-73.936245,148 St,Downtown & Brooklyn
390,603,415,IRT,Jerome Av,149/GRAND CONC,Bx,4,Subway,40.818375,-73.927351,Woodlawn,Manhattan
435,603,222,IRT,Lenox - White Plains Rd,149/GRAND CONC,Bx,2 5,Subway,40.81841,-73.926718,Wakefield - Eastchester,Manhattan
229,601,D19,IND,6th Av - Culver,14 ST,M,F M,Subway,40.738228,-73.996209,Uptown & Queens,Downtown & Brooklyn
166,618,A31,IND,8th Av - Fulton St,14 ST,M,A C E,Subway,40.740893,-74.00169,Uptown - Queens,Downtown & Brooklyn
322,601,132,IRT,Broadway - 7Av,14 ST,M,1 2 3,Subway,40.737826,-74.000201,Uptown & The Bronx,Downtown & Brooklyn
241,241,F25,IND,6th Av - Culver,15 ST-PROSPECT,Bk,F G,Subway,40.660365,-73.979493,Manhattan - Queens,Church Av - Coney Island
150,150,A11,IND,8th Av - Fulton St,155 ST,M,C,Subway,40.830518,-73.941514,Uptown,Downtown & Brooklyn
220,220,D12,IND,Concourse,155 ST,M,B D,Subway,40.830135,-73.938209,The Bronx,Downtown & Brooklyn
303,303,113,IRT,Broadway - 7Av,157 ST,M,1,Subway,40.834041,-73.94489,Uptown & The Bronx,Downtown
219,604,D11,IND,Concourse,161/YANKEE STAD,Bx,B D,Subway,40.827905,-73.925651,Bedford Pk Blvd & 205 St,Manhattan
389,604,414,IRT,Jerome Av,161/YANKEE STAD,Bx,4,Elevated,40.827994,-73.925831,Woodlawn,Manhattan
149,149,A10,IND,8th Av - Fulton St,163 ST-AMSTERDM,M,C,Subway,40.836013,-73.939892,Uptown,Downtown & Brooklyn
218,218,D10,IND,Concourse,167 ST,Bx,B D,Subway,40.833771,-73.91844,Bedford Pk Blvd & 205 St,Manhattan
388,388,413,IRT,Jerome Av,167 ST,Bx,4,Elevated,40.835537,-73.9214,Woodlawn,Manhattan
148,605,A09,IND,8th Av - Fulton St,168 ST,M,A C,Subway,40.840719,-73.939561,207 St,Downtown & Brooklyn
302,605,112,IRT,Broadway - 7Av,168 ST - WASHINGTON HTS,M,1,Subway,40.840556,-73.940133,Uptown & The Bronx,Downtown
255,255,F02,IND,Queens Blvd,169 ST,Q,F,Subway,40.71047,-73.793604,179 St,Manhattan
217,217,D09,IND,Concourse,170 ST,Bx,B D,Subway,40.839306,-73.9134,Bedford Pk Blvd & 205 St,Manhattan
387,387,412,IRT,Jerome Av,170 ST,Bx,4,Elevated,40.840075,-73.917791,Woodlawn,Manhattan
428,428,215,IRT,Lenox - White Plains Rd,174 ST,Bx,2 5,Elevated,40.837288,-73.887734,Wakefield - Eastchester,Manhattan
216,216,D08,IND,Concourse,174-175 STS,Bx,B D,Subway,40.8459,-73.910136,Bedford Pk Blvd & 205 St,Manhattan
147,147,A07,IND,8th Av - Fulton St,175 ST,M,A,Subway,40.847391,-73.939704,207 St,Downtown & Brooklyn
385,385,410,IRT,Jerome Av,176 ST,Bx,4,Elevated,40.84848,-73.911794,Woodlawn,Manhattan
245,245,F30,IND,6th Av - Culver,18 AV,Bk,F,Elevated,40.629755,-73.976971,Manhattan,Coney Island
74,74,N05,BMT,Sea Beach,18 AV,Bk,N,Open Cut,40.620671,-73.990414,Manhattan,Coney Island
66,66,B19,BMT,West End,18 AV,Bk,D,Elevated,40.607954,-74.001736,Manhattan,Coney Island
321,321,131,IRT,Broadway - 7Av,18 ST,M,1,Subway,40.74104,-73.997871,Uptown & The Bronx,Downtown
146,146,A06,IND,8th Av - Fulton St,181 ST,M,A,Subway,40.851695,-73.937969,207 St,Downtown & Brooklyn
301,301,111,IRT,Broadway - 7Av,181 ST,M,1,Subway,40.849505,-73.933596,Uptown & The Bronx,Downtown
214,214,D06,IND,Concourse,182-183 STS,Bx,B D,Subway,40.856093,-73.900741,Bedford Pk Blvd & 205 St,Manhattan
383,383,408,IRT,Jerome Av,183 ST,Bx,4,Elevated,40.858407,-73.903879,Woodlawn,Manhattan
145,145,A05,IND,8th Av - Fulton St,190 ST,M,A,Subway,40.859022,-73.93418,207 St,Downtown & Brooklyn
300,300,110,IRT,Broadway - 7Av,191 ST,M,1,Subway,40.855225,-73.929412,Uptown & The Bronx,Downtown
232,232,F14,IND,6th Av - Culver,2 AV,M,F,Subway,40.723402,-73.989938,Uptown & Queens,Downtown & Brooklyn
75,75,N06,BMT,Sea Beach,20 AV,Bk,N,Open Cut,40.61741,-73.985026,Manhattan,Coney Island
67,67,B20,BMT,West End,20 AV,Bk,D,Elevated,40.604556,-73.998168,Manhattan,Coney Island
298,298,108,IRT,Broadway - 7Av,207 ST,M,1,Elevated,40.864621,-73.918822,Uptown & The Bronx,Downtown
282,282,G24,IND,Crosstown,21 ST,Q,G,Subway,40.744065,-73.949724,Court Sq,Brooklyn
221,221,B04,IND,63rd St,21 ST-QNSBRIDGE,Q,F,Subway,40.754203,-73.942836,Jamaica,Manhattan
297,297,107,IRT,Broadway - 7Av,215 ST,M,1,Elevated,40.869444,-73.915279,The Bronx,Downtown
420,420,207,IRT,Lenox - White Plains Rd,219 ST,Bx,2 5,Elevated,40.883895,-73.862633,Wakefield - 241 St,Manhattan
419,419,206,IRT,Lenox - White Plains Rd,225 ST,Bx,2 5,Elevated,40.888022,-73.860341,Wakefield - 241 St,Manhattan
228,228,D18,IND,6th Av - Culver,23 ST,M,F M,Subway,40.742878,-73.992821,Uptown & Queens,Downtown & Brooklyn
165,165,A30,IND,8th Av - Fulton St,23 ST,M,C E,Subway,40.745906,-73.998041,Uptown - Queens,Downtown & Brooklyn
320,320,130,IRT,Broadway - 7Av,23 ST,M,1,Subway,40.744081,-73.995657,Uptown & The Bronx,Downtown
14,14,R19,BMT,Broadway - Brighton,23 ST,M,R W,Subway,40.741303,-73.989344,Uptown & Queens,Downtown & Brooklyn
405,405,634,IRT,Lexington Av,23 ST,M,6,Subway,40.739864,-73.986599,Uptown & The Bronx,Downtown
295,295,104,IRT,Broadway - 7Av,231 ST,Bx,1,Elevated,40.878856,-73.904834,242 St,Manhattan
418,418,205,IRT,Lenox - White Plains Rd,233 ST,Bx,2 5,Elevated,40.893193,-73.857473,Wakefield - 241 St,Manhattan
294,294,103,IRT,Broadway - 7Av,238 ST,Bx,1,Elevated,40.884667,-73.90087,242 St,Manhattan
69,69,B22,BMT,West End,25 AV,Bk,D,Elevated,40.597704,-73.986829,Manhattan,Coney Island
31,31,R35,BMT,4th Av,25 ST,Bk,R,Subway,40.660397,-73.998091,Manhattan,Bay Ridge - 95 St
319,319,129,IRT,Broadway - 7Av,28 ST,M,1,Subway,40.747215,-73.993365,Uptown & The Bronx,Downtown
13,13,R18,BMT,Broadway - Brighton,28 ST,M,R W,Subway,40.745494,-73.988691,Uptown & Queens,Downtown & Brooklyn
404,404,633,IRT,Lexington Av,28 ST,M,6,Subway,40.74307,-73.984264,Uptown & The Bronx,Downtown
118,118,L05,BMT,Canarsie,3 AV,M,L,Subway,40.732849,-73.986122,8 Av,Brooklyn
377,377,619,IRT,Pelham,3 AV 138 ST,Bx,6,Subway,40.810476,-73.926138,Pelham Bay Park,Manhattan
434,434,221,IRT,Lenox - White Plains Rd,3 AV-149 ST,Bx,2 5,Subway,40.816109,-73.917757,Wakefield - Eastchester,Manhattan
3,3,R04,BMT,Astoria,30 AV,Q,N W,Elevated,40.766779,-73.921479,Astoria - Ditmars Blvd,Manhattan
460,460,716,IRT,Flushing,33 ST,Q,7,Elevated,40.744587,-73.930997,Flushing,Manhattan
403,403,632,IRT,Lexington Av,33 ST,M,6,Subway,40.746081,-73.982076,Uptown & The Bronx,Downtown
227,607,D17,IND,6th Av - Culver,34 ST-HERALD SQ,M,B D F M,Subway,40.749719,-73.987823,Uptown & The Bronx - Queens,Downtown & Brooklyn
12,607,R17,BMT,Broadway - Brighton,34 ST-HERALD SQ,M,N Q R W,Subway,40.749567,-73.98795,Uptown & Queens,Downtown & Brooklyn
471,471,726,IRT,Flushing,34 ST-HUDSON YD,M,7,Subway,40.755882,-74.00191,Queens,
164,164,A28,IND,8th Av - Fulton St,34 ST-PENN STA,M,A C E,Subway,40.752287,-73.993391,Uptown - Queens,Downtown & Brooklyn
318,318,128,IRT,Broadway - 7Av,34 ST-PENN STA,M,1 2 3,Subway,40.750373,-73.991057,Uptown & The Bronx,Downtown & Brooklyn
5,5,R06,BMT,Astoria,36 AV,Q,N W,Elevated,40.756804,-73.929575,Astoria - Ditmars Blvd,Manhattan
32,32,R36,BMT,4th Av,36 ST,Bk,D N R,Subway,40.655144,-74.003549,Manhattan,Coney Island - Bay Ridge
272,272,G20,IND,Queens Blvd,36 ST,Q,M R,Subway,40.752039,-73.928781,Forest Hills,Manhattan
6,6,R08,BMT,Astoria,39 AV,Q,N W,Elevated,40.752882,-73.932755,Astoria - Ditmars Blvd,Manhattan
459,459,715,IRT,Flushing,40 ST LOWERY ST,Q,7,Elevated,40.743781,-73.924016,Flushing,Manhattan
226,609,D16,IND,6th Av - Culver,42 ST-BRYANT PK,M,B D F M,Subway,40.754222,-73.984569,Uptown & The Bronx - Queens,Downtown & Brooklyn
163,611,A27,IND,8th Av - Fulton St,42 ST-PORT AUTH,M,A C E,Subway,40.757308,-73.989735,Uptown - Queens,Downtown & Brooklyn
33,33,R39,BMT,4th Av,45 ST,Bk,R,Subway,40.648939,-74.010006,Manhattan,Bay Ridge - 95 St
270,270,G18,IND,Queens Blvd,46 ST,Q,M R,Subway,40.756312,-73.913333,Forest Hills,Manhattan
458,458,714,IRT,Flushing,46 ST BLISS ST,Q,7,Elevated,40.743132,-73.918435,Flushing,Manhattan
225,225,D15,IND,6th Av - Culver,47-50 STS ROCK,M,B D F M,Subway,40.758663,-73.981329,Uptown & The Bronx - Queens,Downtown & Brooklyn
10,10,R15,BMT,Broadway - Brighton,49 ST,M,N R W,Subway,40.759901,-73.984139,Uptown & Queens,Downtown & Brooklyn
239,608,F22,IND,5th Av - Culver,4AV-9 ST,Bk,F G,Viaduct,40.670272,-73.989779,Manhattan - Queens,Church Av - Coney Island
239,608,F23,IND,6th Av - Culver,4 AV-9 ST,Bk,F G,Viaduct,40.670272,-73.989779,Manhattan - Queens,Church Av - Coney Island
276,276,F12,IND,Queens Blvd,5 AV/53 ST,M,E M,Subway,40.760167,-73.975224,Queens,Downtown & Brooklyn
8,8,R13,BMT,Astoria,5 AV/59 ST,M,N W R,Subway,40.764811,-73.973347,Queens,Downtown & Brooklyn
466,609,724,IRT,Flushing,5 AVE,M,7,Subway,40.753821,-73.981963,Queens,34 St - Hudson Yards
162,162,A25,IND,8th Av - Fulton St,50 ST,M,C E,Subway,40.762456,-73.985984,Uptown - Queens,Downtown & Brooklyn
316,316,126,IRT,Broadway - 7Av,50 ST,M,1,Subway,40.761728,-73.983849,Uptown & The Bronx,Downtown
61,61,B14,BMT,West End,50 ST,Bk,D,Elevated,40.63626,-73.994791,Manhattan,Coney Island
401,612,630,IRT,Lexington Av,51 ST,M,6,Subway,40.757107,-73.97192,Uptown & The Bronx,Downtown
457,457,713,IRT,Flushing,52 ST,Q,7,Elevated,40.744149,-73.912549,Flushing,Manhattan
34,34,R40,BMT,4th Av,53 ST,Bk,R,Subway,40.645069,-74.014034,Manhattan,Bay Ridge - 95 St
62,62,B15,BMT,West End,55 ST,Bk,D,Elevated,40.631435,-73.995476,Manhattan,Coney Island
224,224,B10,IND,6th Av - Culver,57 ST,M,F,Subway,40.763972,-73.97745,Uptown & Queens,Downtown & Brooklyn
9,9,R14,BMT,Broadway - Brighton,57 ST-7 AV,M,N Q R W,Subway,40.764664,-73.980658,Uptown & Queens,Downtown & Brooklyn
35,35,R41,BMT,4th Av,59 ST,Bk,N R,Subway,40.641362,-74.017881,Manhattan,Coney Island - Bay Ridge
400,613,629,IRT,Lexington Av,59 ST,M,4 5 6,Subway,40.762526,-73.967967,Uptown & The Bronx,Downtown & Brooklyn
161,614,A24,IND,8th Av - Fulton St,59 ST COLUMBUS,M,A B C D,Subway,40.768296,-73.981736,Uptown & The Bronx,Downtown & Brooklyn
315,614,125,IRT,Broadway - 7Av,59 ST COLUMBUS,M,1,Subway,40.768247,-73.981929,Uptown & The Bronx,Downtown
116,601,L02,BMT,Canarsie,6 AV,M,L,Subway,40.737335,-73.996786,8 Av,Brooklyn
456,456,712,IRT,Flushing,61 ST WOODSIDE,Q,7,Elevated,40.74563,-73.902984,Flushing,Manhattan
63,615,B16,BMT,West End,62 ST,Bk,D,Elevated,40.626472,-73.996895,Manhattan,Coney Island
263,263,G10,IND,Queens Blvd,63 DR-REGO PARK,Q,M R,Subway,40.729846,-73.861604,Forest Hills,Manhattan
268,268,G15,IND,Queens Blvd,65 ST,Q,M R,Subway,40.749669,-73.898453,Forest Hills,Manhattan
314,314,124,IRT,Broadway - 7Av,66 ST-LINCOLN,M,1,Subway,40.77344,-73.982209,Uptown & The Bronx,Downtown
262,262,G09,IND,Queens Blvd,67 AV,Q,M R,Subway,40.726523,-73.852719,Forest Hills,Manhattan
399,399,628,IRT,Lexington Av,68ST-HUNTER CO,M,6,Subway,40.768141,-73.96387,Uptown & The Bronx,Downtown
455,455,711,IRT,Flushing,69 ST,Q,7,Elevated,40.746325,-73.896403,Flushing,Manhattan
240,240,F24,IND,6th Av - Culver,7 AV,Bk,F G,Subway,40.666271,-73.980305,Manhattan - Queens,Church Av - Coney Island
41,41,D25,BMT,Broadway - Brighton,7 AV,Bk,B Q,Subway,40.67705,-73.972367,Manhattan,Brighton Beach & Coney Island
277,277,D14,IND,Queens Blvd,7 AV,M,B D E,Subway,40.762862,-73.981637,Uptown & The Bronx - Queens,Downtown & Brooklyn
64,64,B17,BMT,West End,71 ST,Bk,D,Elevated,40.619589,-73.998864,Manhattan,Coney Island
160,160,A22,IND,8th Av - Fulton St,72 ST,M,B C,Subway,40.775594,-73.97641,Uptown & The Bronx,Downtown & Brooklyn
313,313,123,IRT,Broadway - 7Av,72 ST,M,1 2 3,Subway,40.778453,-73.98197,Uptown & The Bronx,Downtown & Brooklyn
477,477,Q03,IND,Second Av,72 ST-2 AVE,M,Q,Subway,40.768799,-73.958424,Uptown,Downtown & Brooklyn
454,616,710,IRT,Flushing,74 ST-BROADWAY,Q,7,Elevated,40.746848,-73.891394,Flushing,Manhattan
260,260,F07,IND,Queens Blvd,75 AV,Q,E F,Subway,40.718331,-73.837324,Jamaica,Manhattan
85,85,J17,BMT,Jamaica,75 ST-ELDERTS,Q,J Z,Elevated,40.691324,-73.867139,Jamaica,Manhattan
37,37,R43,BMT,4th Av,77 ST,Bk,R,Subway,40.629742,-74.02551,Manhattan,95 St
398,398,627,IRT,Lexington Av,77 ST,M,6,Subway,40.77362,-73.959874,Uptown & The Bronx,Downtown
312,312,122,IRT,Broadway - 7Av,79 ST,M,1,Subway,40.783934,-73.979917,Uptown & The Bronx,Downtown
65,65,B18,BMT,West End,79 ST,Bk,D,Elevated,40.613501,-74.00061,Manhattan,Coney Island
115,618,L01,BMT,Canarsie,8 AV,M,L,Subway,40.739777,-74.002578,,Brooklyn
71,71,N02,BMT,Sea Beach,8 AV,Bk,N,Open Cut,40.635064,-74.011719,Manhattan,Coney Island
16,16,R21,BMT,Broadway - Brighton,8 ST-NYU,M,R W,Subway,40.730328,-73.992629,Uptown & Queens,Downtown & Brooklyn
190,190,A59,IND,Liberty Av,80 ST,Q,A,Elevated,40.679371,-73.858992,Manhattan,Lefferts - Rockaways
159,159,A21,IND,8th Av - Fulton St,81 ST-MUSEUM,M,B C,Subway,40.781433,-73.972143,Uptown & The Bronx,Downtown & Brooklyn
453,453,709,IRT,Flushing,82 ST-JACKSON H,Q,7,Elevated,40.747659,-73.883697,Flushing,Manhattan
84,84,J16,BMT,Jamaica,85 ST-FOREST PK,Q,J,Elevated,40.692435,-73.86001,Jamaica,Manhattan
38,38,R44,BMT,4th Av,86 ST,Bk,R,Subway,40.622687,-74.028398,Manhattan,95 St
158,158,A20,IND,8th Av - Fulton St,86 ST,M,B C,Subway,40.785868,-73.968916,Uptown & The Bronx,Downtown & Brooklyn
311,311,121,IRT,Broadway - 7Av,86 ST,M,1,Subway,40.788644,-73.976218,Uptown & The Bronx,Downtown
397,397,626,IRT,Lexington Av,86 ST,M,4 5 6,Subway,40.779492,-73.955589,Uptown & The Bronx,Downtown & Brooklyn
79,79,N10,BMT,Sea Beach,86 ST,Bk,N,Open Cut,40.592721,-73.97823,Manhattan,Coney Island
476,476,Q04,IND,Second Av,86 ST-2 AVE,M,Q,Subway,40.777891,-73.951787,Uptown,Downtown & Brooklyn
191,191,A60,IND,Liberty Av,88 ST,Q,A,Elevated,40.679843,-73.85147,Manhattan,Lefferts - Rockaways
59,59,B12,BMT,West End,9 AV,Bk,D,Open Cut,40.646292,-73.994324,Manhattan,Coney Island
452,452,708,IRT,Flushing,90 ST-ELMHURST,Q,7,Elevated,40.748408,-73.876613,Flushing,Manhattan
157,157,A19,IND,8th Av - Fulton St,96 ST,M,B C,Subway,40.791642,-73.964696,Uptown & The Bronx,Downtown & Brooklyn
310,310,120,IRT,Broadway - 7Av,96 ST,M,1 2 3,Subway,40.793919,-73.972323,Uptown & The Bronx,Downtown & Brooklyn
396,396,625,IRT,Lexington Av,96 ST,M,6,Subway,40.785672,-73.95107,Uptown & The Bronx,Downtown
475,475,Q05,IND,Second Av,96 ST-2 AVE,M,Q,Subway,40.784318,-73.947152,,Downtown & Brooklyn
29,608,R33,BMT,4th Av,9TH STREET,Bk,R,Subway,40.670847,-73.988302,Manhattan,Bay Ridge - 95 St
91,91,J24,BMT,Jamaica,ALABAMA AV,Bk,J,Elevated,40.676992,-73.898654,Jamaica,Manhattan
423,423,210,IRT,Lenox - White Plains Rd,ALLERTON AV,Bx,2 5,Elevated,40.865462,-73.867352,Wakefield - 241 St,Manhattan
515,515,S17,SIR,Staten Island,ANNADALE,SI,SIR,Open Cut,40.54046,-74.178217,St George,Tottenville
197,197,H02,IND,Rockaway,AQUEDUCT N.COND,Q,A,At Grade,40.668234,-73.834058,Manhattan,Rockaways
196,196,H01,IND,Rockaway,AQUEDUCT RACETR,Q,A,At Grade,40.672097,-73.835919,Manhattan,Rockaways
523,523,S11,SIR,Staten Island,ARTHUR KILL,SI,SIR,At Grade,40.516578,-74.242096,St George,Tottenville
407,407,636,IRT,Lexington Av,ASTOR PL,M,6,Subway,40.730054,-73.99107,Uptown & The Bronx,Downtown
2,2,R03,BMT,Astoria,ASTORIA BLVD,Q,N W,Elevated,40.770258,-73.917843,Ditmars Blvd,Manhattan
1,1,R01,BMT,Astoria,ASTORIA DITMARS,Q,N W,Elevated,40.775036,-73.912034,,Manhattan
27,617,R31,BMT,4th Av,ATL AV-BARCLAY,Bk,D N R,Subway,40.683666,-73.97881,Manhattan,Coney Island - Bay Ridge
40,617,D24,BMT,Broadway - Brighton,ATL AV-BARCLAY,Bk,B Q,Subway,40.68446,-73.97689,Manhattan,Brighton Beach & Coney Island
338,617,235,IRT,Eastern Pky,ATL AV-BARCLAY,Bk,2 3,Subway,40.684359,-73.977666,Manhattan,Flatbush - New Lots
133,133,L24,BMT,Canarsie,ATLANTIC AV,Bk,L,Elevated,40.675345,-73.903097,Manhattan,Canarsie - Rockaway Parkway
48,48,D32,BMT,Broadway - Brighton,AVENUE H,Bk,B Q,Open Cut,40.62927,-73.961639,Manhattan,Brighton Beach & Coney Island
246,246,F31,IND,6th Av - Culver,AVENUE I,Bk,F,Elevated,40.625322,-73.976127,Manhattan,Coney Island
49,49,D33,BMT,Broadway - Brighton,AVENUE J,Bk,B Q,Open Cut,40.625039,-73.960803,Manhattan,Brighton Beach & Coney Island
50,50,D34,BMT,Broadway - Brighton,AVENUE M,Bk,B Q,Open Cut,40.617618,-73.959399,Manhattan,Brighton Beach & Coney Island
248,248,F33,IND,6th Av - Culver,AVENUE N,Bk,F,Elevated,40.61514,-73.974197,Manhattan,Coney Island
249,249,F34,IND,6th Av - Culver,AVENUE P,Bk,F,Elevated,40.608944,-73.973022,Manhattan,Coney Island
251,251,F36,IND,6th Av - Culver,AVENUE U,Bk,F,Elevated,40.596063,-73.973357,Manhattan,Coney Island
52,52,D37,BMT,Broadway - Brighton,AVENUE U,Bk,B Q,Open Cut,40.5993,-73.955929,Manhattan,Brighton Beach & Coney Island
78,78,N09,BMT,Sea Beach,AVENUE U,Bk,N,Open Cut,40.597473,-73.979137,Manhattan,Coney Island
252,252,F38,IND,6th Av - Culver,AVENUE X,Bk,F,Elevated,40.58962,-73.97425,Manhattan,Coney Island
70,70,B23,BMT,West End,BAY 50 ST,Bk,D,Elevated,40.588841,-73.983765,Manhattan,Coney Island
247,247,F32,IND,6th Av - Culver,BAY PKWY,Bk,F,Elevated,40.620769,-73.975264,Manhattan,Coney Island
76,76,N07,BMT,Sea Beach,BAY PKWY,Bk,N,Open Cut,40.611815,-73.981848,Manhattan,Coney Island
68,68,B21,BMT,West End,BAY PKWY,Bk,D,Elevated,40.601875,-73.993728,Manhattan,Coney Island
36,36,R42,BMT,4th Av,BAY RIDGE AV,Bk,R,Subway,40.634967,-74.023377,Manhattan,95 St
39,39,R45,BMT,4th Av,BAY RIDGE-95 ST,Bk,R,Subway,40.616622,-74.030876,Manhattan,
512,512,S20,SIR,Staten Island,BAY TERRACE,SI,SIR,Embankment,40.5564,-74.136907,St George,Tottenville
443,443,502,IRT,Dyre Av,BAYCHESTER AV,Bx,5,Open Cut,40.878663,-73.838591,Eastchester - Dyre Av,Manhattan
202,202,H14,IND,Rockaway,BEACH 105 ST,Q,A S,Viaduct,40.583209,-73.827559,Manhattan,Rockaway Park
208,208,H10,IND,Rockaway,BEACH 25 ST,Q,A,Viaduct,40.600066,-73.761353,Manhattan,Far Rockaway
207,207,H09,IND,Rockaway,BEACH 36 ST,Q,A,Viaduct,40.595398,-73.768175,Manhattan,Far Rockaway
206,206,H08,IND,Rockaway,BEACH 44 ST,Q,A,Viaduct,40.592943,-73.776013,Manhattan,Far Rockaway
205,205,H07,IND,Rockaway,BEACH 60 ST,Q,A,Viaduct,40.592374,-73.788522,Manhattan,Far Rockaway
204,204,H06,IND,Rockaway,BEACH 67 ST,Q,A,Viaduct,40.590927,-73.796924,Manhattan,Far Rockaway
200,200,H12,IND,Rockaway,BEACH 90 ST,Q,A S,Viaduct,40.588034,-73.813641,Manhattan,Rockaway Park
201,201,H13,IND,Rockaway,BEACH 98 ST,Q,A S,Viaduct,40.585307,-73.820558,Manhattan,Rockaway Park
120,120,L08,BMT,Canarsie,BEDFORD AV,Bk,L,Subway,40.717304,-73.956872,Manhattan,Canarsie - Rockaway Parkway
380,380,405,IRT,Jerome Av,BEDFORD PARK BLVD - LEHMAN COLLEGE,Bx,4,Elevated,40.873412,-73.890064,Woodlawn,Manhattan
211,211,D03,IND,Concourse,BEDFORD PK BLVD,Bx,B D,Subway,40.873244,-73.887138,Norwood - 205 St,Manhattan
289,289,G33,IND,Crosstown,BEDFORD-NOSTRAN,Bk,G,Subway,40.689627,-73.953522,Queens,Church Av
236,236,F20,IND,6th Av - Culver,BERGEN ST,Bk,F G,Subway,40.686145,-73.990862,Manhattan - Queens,Church Av - Coney Island
339,339,236,IRT,Eastern Pky,BERGEN ST,Bk,2 3,Subway,40.680829,-73.975098,Manhattan,Flatbush - New Lots
45,45,D29,BMT,Broadway - Brighton,BEVERLEY ROAD,Bk,B Q,Open Cut,40.644031,-73.964492,Manhattan,Brighton Beach & Coney Island
357,357,245,IRT,Nostrand,BEVERLY RD,Bk,2 5,Subway,40.645098,-73.948959,Manhattan,Flatbush
408,619,637,IRT,Lexington Av,BLEECKER ST,M,6,Subway,40.725915,-73.994659,Uptown & The Bronx,Downtown
335,620,232,IRT,Clark St,BOROUGH HALL,Bk,2 3,Subway,40.693219,-73.989998,Manhattan,Flatbush - New Lots
415,620,423,IRT,Eastern Pky,BOROUGH HALL,Bk,4 5,Subway,40.692404,-73.990151,Manhattan,Flatbush - Utica
142,626,S04,BMT,Franklin Shuttle,BOTANIC GARDEN,Bk,S,Open Cut,40.670343,-73.959245,Franklin Av,Prospect Park
103,103,M19,BMT,Jamaica,BOWERY,M,J Z,Subway,40.72028,-73.993915,Brooklyn,Broad St
414,414,420,IRT,Lexington Av,BOWLING GREEN,M,4 5,Subway,40.704817,-74.014065,Uptown & The Bronx,Brooklyn
258,258,F05,IND,Queens Blvd,BRIARWOOD,Q,E F,Subway,40.709179,-73.820574,Jamaica,Manhattan
55,55,D40,BMT,Broadway - Brighton,BRIGHTON BEACH,Bk,B Q,Elevated,40.577621,-73.961376,Manhattan,Coney Island
199,199,H04,IND,Rockaway,BROAD CHANNEL,Q,A S,At Grade,40.608382,-73.815925,Manhattan,Rockaways
107,107,M23,BMT,Jamaica,BROAD ST,M,J Z,Subway,40.706476,-74.011056,Brooklyn,
4,4,R05,BMT,Astoria,BROADWAY,Q,N W,Elevated,40.76182,-73.925508,Astoria - Ditmars Blvd,Manhattan
286,286,G30,IND,Crosstown,BROADWAY,Bk,G,Subway,40.706092,-73.950308,Queens,Church Av
184,621,A51,IND,8th Av - Fulton St,BROADWAY JCT,Bk,A C,Subway,40.678334,-73.905316,Manhattan,Euclid - Lefferts - Rockaways
132,621,L22,BMT,Canarsie,BROADWAY JCT,Bk,L,Elevated,40.678856,-73.90324,Manhattan,Canarsie - Rockaway Parkway
92,621,J27,BMT,Jamaica,BROADWAY JCT,Bk,J Z,Elevated,40.679498,-73.904512,Jamaica,Manhattan
425,425,212,IRT,Lenox - White Plains Rd,BRONX PARK EAST,Bx,2 5,Elevated,40.848828,-73.868457,Wakefield - 241 St,Manhattan
376,376,618,IRT,Pelham,BROOK AV,Bx,6,Subway,40.807566,-73.91924,Pelham Bay Park,Manhattan
411,622,640,IRT,Lexington Av,BROOKLYN BRIDGE,M,4 5 6,Subway,40.713065,-74.004131,Uptown & The Bronx,Downtown & Brooklyn
361,361,602,IRT,Pelham,BUHRE AV,Bx,6,Elevated,40.84681,-73.832569,Pelham Bay Park,Manhattan
422,422,209,IRT,Lenox - White Plains Rd,BURKE AV,Bx,2 5,Elevated,40.871356,-73.867164,Wakefield - 241 St,Manhattan
384,384,409,IRT,Jerome Av,BURNSIDE AV,Bx,4,Elevated,40.853453,-73.907684,Woodlawn,Manhattan
131,131,L21,BMT,Canarsie,BUSHWICK AV,Bk,L,Subway,40.682829,-73.905249,Manhattan,Canarsie - Rockaway Parkway
230,619,D21,IND,6th Av - Culver,B'WAY-LAFAYETTE,M,B D F M,Subway,40.725297,-73.996204,Uptown & The Bronx - Queens,Downtown & Brooklyn
169,169,A34,IND,8th Av - Fulton St,CANAL ST,M,A C E,Subway,40.720824,-74.005229,Uptown - Queens,Downtown & Brooklyn
18,623,R23,BMT,Broadway,CANAL ST,M,R W,Subway,40.719527,-74.001775,Uptown & Queens,Downtown & Brooklyn
325,325,135,IRT,Broadway - 7Av,CANAL ST,M,1,Subway,40.722854,-74.006277,Uptown & The Bronx,Downtown
104,623,M20,BMT,Jamaica,CANAL ST,M,J Z,Subway,40.718092,-73.999892,Brooklyn,Broad St
410,623,639,IRT,Lexington Av,CANAL ST,M,6,Subway,40.718803,-74.000193,Uptown & The Bronx,Downtown
19,623,Q01,BMT,Manhattan Bridge,CANAL ST,M,N Q,Subway,40.718383,-74.00046,Uptown & Queens,Downtown & Brooklyn
138,138,L29,BMT,Canarsie,CANARSIE-ROCKAW,Bk,L,At Grade,40.646654,-73.90185,Manhattan,
237,237,F21,IND,6th Av - Culver,CARROLL ST,Bk,F G,Subway,40.680303,-73.995048,Manhattan - Queens,Church Av - Coney Island
365,365,607,IRT,Pelham,CASTLE HILL AV,Bx,6,Elevated,40.834255,-73.851222,Pelham Bay Park,Manhattan
308,308,118,IRT,Broadway - 7Av,CATHEDRAL PKWY,M,1,Subway,40.803967,-73.966847,Uptown & The Bronx,Downtown
155,155,A17,IND,8th Av - Fulton St,CATHEDRAL PKWY (110 ST),M,B C,Subway,40.800603,-73.958161,Uptown & The Bronx,Downtown & Brooklyn
114,114,M10,BMT,Myrtle Av,CENTRAL AV,Bk,M,Elevated,40.697857,-73.927397,Manhattan,Metropolitan Av
441,441,227,IRT,Lenox - White Plains Rd,CENTRAL PK N110,M,2 3,Subway,40.799075,-73.951822,Uptown & The Bronx,Downtown & Brooklyn
170,624,A36,IND,8th Av - Fulton St,CHAMBERS ST,M,A C,Subway,40.714111,-74.008585,Uptown,Downtown & Brooklyn
327,327,137,IRT,Broadway - 7Av,CHAMBERS ST,M,1 2 3,Subway,40.715478,-74.009266,Uptown & The Bronx,Downtown & Brooklyn
105,622,M21,BMT,Jamaica,CHAMBERS ST,M,J Z,Subway,40.713243,-74.003401,Brooklyn,Broad St
93,93,J28,BMT,Jamaica,CHAUNCEY ST,Bk,J Z,Elevated,40.682893,-73.910456,Jamaica,Manhattan
323,323,133,IRT,Broadway - 7Av,CHRISTOPHER ST,M,1,Subway,40.733422,-74.002906,Uptown & The Bronx,Downtown
243,243,F27,IND,6th Av - Culver,CHURCH AV,Bk,F,Subway,40.644041,-73.979678,Manhattan,Coney Island
44,44,D28,BMT,Broadway - Brighton,CHURCH AV,Bk,B Q,Open Cut,40.650527,-73.962982,Manhattan,Brighton Beach & Coney Island
356,356,244,IRT,Nostrand,CHURCH AV,Bk,2 5,Subway,40.650843,-73.949575,Manhattan,Flatbush
20,20,R24,BMT,Broadway,CITY HALL,M,R W,Subway,40.713282,-74.006978,Uptown & Queens,Downtown & Brooklyn
334,334,231,IRT,Clark St,CLARK ST,Bk,2 3,Subway,40.697466,-73.993086,Manhattan,Flatbush - New Lots
290,290,G34,IND,Crosstown,CLASSON AV,Bk,G,Subway,40.688873,-73.96007,Queens,Church Av
89,89,J22,BMT,Jamaica,CLEVELAND ST,Bk,J,Elevated,40.679947,-73.884639,Jamaica,Manhattan
504,504,S28,SIR,Staten Island,CLIFTON,SI,SIR,Elevated,40.621319,-74.071402,St George,Tottenville
291,291,G35,IND,Crosstown,CLINTON - WASHINGTON AVS,Bk,G,Subway,40.688089,-73.966839,Queens,Church Av
177,177,A44,IND,8th Av - Fulton St,CLINTON-WASH AV,Bk,C,Subway,40.683263,-73.965838,Manhattan,Euclid Av
58,58,D43,BMT,Sea Beach / West End / Culver / Brighton,CONEY IS-STILLW,Bk,D F N Q,Viaduct,40.577422,-73.981233,Manhattan,
46,46,D30,BMT,Broadway - Brighton,CORTELYOU RD,Bk,B Q,Open Cut,40.640927,-73.963891,Manhattan,Brighton Beach & Coney Island
21,624,R25,BMT,Broadway,CORTLANDT ST,M,R W,Subway,40.710668,-74.011029,Uptown & Queens,Downtown & Brooklyn
462,606,719,IRT,Flushing,COURT SQ,Q,7,Elevated,40.747023,-73.945264,Flushing,Manhattan
281,606,G22,IND,Crosstown,COURT SQ-23 ST,Q,G,Subway,40.746554,-73.943832,,Brooklyn
274,606,F09,IND,Queens Blvd,COURT SQ-23 ST,Q,E M,Subway,40.747846,-73.946,Forest Hills - Jamaica,Manhattan
24,620,R28,BMT,Broadway,COURT ST,Bk,R,Subway,40.6941,-73.991777,Manhattan,Bay Ridge - 95 St
87,87,J20,BMT,Jamaica,CRESCENT ST,Bk,J Z,Elevated,40.683194,-73.873785,Jamaica,Manhattan
345,345,250,IRT,Eastern Pky,CROWN HTS-UTICA,Bk,3 4,Subway,40.668897,-73.932942,Manhattan,New Lots
375,375,617,IRT,Pelham,CYPRESS AV,Bx,6,Subway,40.805368,-73.914042,Pelham Bay Park,Manhattan
86,86,J19,BMT,Jamaica,CYPRESS HILLS,Bk,J,Elevated,40.689941,-73.87255,Jamaica,Manhattan
26,26,R30,BMT,Broadway - Brighton,DEKALB AV,Bk,B Q R,Subway,40.690635,-73.981824,Manhattan,Coney Island - Bay Ridge
127,127,L16,BMT,Canarsie,DEKALB AV,Bk,L,Subway,40.703811,-73.918425,Manhattan,Canarsie - Rockaway Parkway
233,625,F15,IND,6th Av - Culver,DELANCEY/ESSEX,M,F,Subway,40.718611,-73.988114,Uptown & Queens,Downtown & Brooklyn
244,244,F29,IND,6th Av - Culver,DITMAS AV,Bk,F,Elevated,40.636119,-73.978172,Manhattan,Coney Island
507,507,S25,SIR,Staten Island,DONGAN HILLS,SI,SIR,Embankment,40.588849,-74.09609,St George,Tottenville
144,144,A03,IND,8th Av - Fulton St,DYCKMAN ST,M,A,Subway,40.865491,-73.927271,207 St,Downtown & Brooklyn
299,299,109,IRT,Broadway - 7Av,DYCKMAN ST,M,1,Elevated,40.860531,-73.925536,Uptown & The Bronx,Downtown
374,374,616,IRT,Pelham,E 143/ST MARY'S,Bx,6,Subway,40.808719,-73.907657,Pelham Bay Park,Manhattan
373,373,615,IRT,Pelham,E 149 ST,Bx,6,Subway,40.812118,-73.904098,Pelham Bay Park,Manhattan
426,426,213,IRT,Lenox - White Plains Rd,E 180 ST,Bx,2 5,Elevated,40.841894,-73.873488,Wakefield - Eastchester,Manhattan
137,137,L28,BMT,Canarsie,EAST 105 ST,Bk,L,At Grade,40.650573,-73.899485,Manhattan,Canarsie - Rockaway Parkway
234,234,F16,IND,6th Av - Culver,EAST BROADWAY,M,F,Subway,40.713715,-73.990173,Uptown & Queens,Brooklyn
442,442,501,IRT,Dyre Av,EASTCHSTER/DYRE,Bx,5,At Grade,40.8883,-73.830834,,Manhattan
341,341,238,IRT,Eastern Pky,EASTN PKWY-MUSM,Bk,2 3,Subway,40.671987,-73.964375,Manhattan,Flatbush - New Lots
369,369,611,IRT,Pelham,ELDER AV,Bx,6,Elevated,40.828584,-73.879159,Pelham Bay Park,Manhattan
266,266,G13,IND,Queens Blvd,ELMHURST AV,Q,M R,Subway,40.742454,-73.882017,Forest Hills,Manhattan
514,514,S18,SIR,Staten Island,ELTINGVILLE,SI,SIR,Embankment,40.544601,-74.16457,St George,Tottenville
102,625,M18,BMT,Jamaica,ESSEX ST,M,J M Z,Subway,40.718315,-73.987437,Brooklyn,Broad St (JZ) - Uptown (M)
188,188,A55,IND,8th Av - Fulton St,EUCLID AV,Bk,A C,Subway,40.675377,-73.872106,Manhattan,Lefferts - Rockaways
209,209,H11,IND,Rockaway,FAR ROCKAWAY,Q,A,Viaduct,40.603995,-73.755405,Manhattan,
359,359,247,IRT,Nostrand,FLATBUSH AV-B.C,Bk,2 5,Subway,40.632836,-73.947642,Manhattan,
287,287,G31,IND,Crosstown,FLUSHING AV,Bk,G,Subway,40.700377,-73.950234,Queens,Church Av
98,98,M12,BMT,Jamaica,FLUSHING AV,Bk,J M,Elevated,40.70026,-73.941126,Jamaica - Middle Village,Manhattan
447,447,701,IRT,Flushing,FLUSHING-MAIN,Q,7,Subway,40.7596,-73.83003,,Manhattan
213,213,D05,IND,Concourse,FORDHAM RD,Bx,B D,Subway,40.861296,-73.897749,Bedford Pk Blvd & 205 St,Manhattan
382,382,407,IRT,Jerome Av,FORDHAM RD,Bx,4,Elevated,40.862803,-73.901034,Woodlawn,Manhattan
110,110,M05,BMT,Myrtle Av,FOREST AVE,Q,M,Elevated,40.704423,-73.903077,Manhattan,Metropolitan Av
261,261,G08,IND,Queens Blvd,FOREST HILLS 71,Q,E F M R,Subway,40.721691,-73.844521,Jamaica,Manhattan
178,627,A45,IND,8th Av - Fulton St,FRANKLIN AV,Bk,C,Subway,40.68138,-73.956848,Manhattan,Euclid Av
342,626,239,IRT,Eastern Pky,FRANKLIN AV,Bk,2 3 4 5,Subway,40.670682,-73.958131,Manhattan,Flatbush - Utica - New Lots
139,627,S01,BMT,Franklin Shuttle,FRANKLIN AV,Bk,S,Elevated,40.680596,-73.955827,,Prospect Park
326,326,136,IRT,Broadway - 7Av,FRANKLIN ST,M,1,Subway,40.719318,-74.006886,Uptown & The Bronx,Downtown
429,429,216,IRT,Lenox - White Plains Rd,FREEMAN ST,Bx,2 5,Elevated,40.829993,-73.891865,Wakefield - Eastchester,Manhattan
109,109,M04,BMT,Myrtle Av,FRESH POND RD,Q,M,Elevated,40.706186,-73.895877,Manhattan,Metropolitan Av
242,242,F26,IND,6th Av - Culver,FT HAMILTON PKY,Bk,F G,Subway,40.650782,-73.975776,Manhattan - Queens,Church Av - Coney Island
72,72,N03,BMT,Sea Beach,FT HAMILTON PKY,Bk,N,Open Cut,40.631386,-74.005351,Manhattan,Coney Island
60,60,B13,BMT,West End,FT HAMILTON PKY,Bk,D,Elevated,40.640914,-73.994304,Manhattan,Coney Island
172,628,A38,IND,8th Av - Fulton St,FULTON ST,M,A C,Subway,40.710197,-74.007691,Uptown,Brooklyn
332,628,229,IRT,Clark St,FULTON ST,M,2 3,Subway,40.709416,-74.006571,Uptown & The Bronx,Downtown & Brooklyn
292,292,G36,IND,Crosstown,FULTON ST,Bk,G,Subway,40.687119,-73.975375,Queens,Church Av
106,628,M22,BMT,Jamaica,FULTON ST,M,J Z,Subway,40.710374,-74.007582,Brooklyn,Broad St
412,628,418,IRT,Lexington Av,FULTON ST,M,4 5,Subway,40.710368,-74.009509,Uptown & The Bronx,Downtown & Brooklyn
95,95,J30,BMT,Jamaica,GATES AV,Bk,J Z,Elevated,40.68963,-73.92227,Jamaica,Manhattan
122,122,L11,BMT,Canarsie,GRAHAM AV,Bk,L,Subway,40.714565,-73.944053,Manhattan,Canarsie - Rockaway Parkway
340,340,237,IRT,Eastern Pky,GRAND ARMY PLAZ,Bk,2 3,Subway,40.675235,-73.971046,Manhattan,Flatbush - New Lots
231,231,D22,IND,6th Av - Culver,GRAND ST,M,B D,Subway,40.718267,-73.993753,Uptown & The Bronx,Brooklyn
123,123,L12,BMT,Canarsie,GRAND ST,Bk,L,Subway,40.711926,-73.94067,Manhattan,Canarsie - Rockaway Parkway
265,265,G12,IND,Queens Blvd,GRAND-NEWTOWN,Q,M R,Subway,40.737015,-73.877223,Forest Hills,Manhattan
189,189,A57,IND,Liberty Av,GRANT AV,Bk,A,Subway,40.677044,-73.86505,Manhattan,Lefferts - Rockaways
509,509,S23,SIR,Staten Island,GRANT CITY,SI,SIR,Open Cut,40.578965,-74.109704,St George,Tottenville
505,505,S27,SIR,Staten Island,GRASMERE,SI,SIR,Open Cut,40.603117,-74.084087,St George,Tottenville
465,610,723,IRT,Flushing,GRD CNTRL-42 ST,M,7,Subway,40.751431,-73.976041,Queens,34 St - Hudson Yards
469,610,901,IRT,Lexington - Shuttle,GRD CNTRL-42 ST,M,S,Subway,40.752769,-73.979189,Times Sq,
402,610,631,IRT,Lexington Av,GRD CNTRL-42 ST,M,4 5 6,Subway,40.751776,-73.976848,Uptown & The Bronx,Downtown & Brooklyn
513,513,S19,SIR,Staten Island,GREAT KILLS,SI,SIR,Open Cut,40.551231,-74.151399,St George,Tottenville
283,283,G26,IND,Crosstown,GREENPOINT AV,Bk,G,Subway,40.731352,-73.954449,Queens,Church Av
444,444,503,IRT,Dyre Av,GUN HILL RD,Bx,5,Open Cut,40.869526,-73.846384,Eastchester - Dyre Av,Manhattan
421,421,208,IRT,Lenox - White Plains Rd,GUN HILL RD,Bx,2 5,Elevated,40.87785,-73.866256,Wakefield - 241 St,Manhattan
129,129,L19,BMT,Canarsie,HALSEY ST,Q,L,Subway,40.695602,-73.904084,Manhattan,Canarsie - Rockaway Parkway
94,94,J29,BMT,Jamaica,HALSEY ST,Bk,J,Elevated,40.68637,-73.916559,Jamaica,Manhattan
436,436,301,IRT,Lenox - White Plains Rd,HARLEM 148 ST,M,3,Subway,40.82388,-73.93647,,Downtown & Brooklyn
100,100,M14,BMT,Jamaica,HEWES ST,Bk,J M,Elevated,40.70687,-73.953431,Jamaica - Middle Village,Manhattan
173,173,A40,IND,8th Av - Fulton St,HIGH ST,Bk,A C,Subway,40.699337,-73.990531,Manhattan,Euclid - Lefferts - Rockaways
324,324,134,IRT,Broadway - 7Av,HOUSTON ST,M,1,Subway,40.728251,-74.005367,Uptown & The Bronx,Downtown
198,198,H03,IND,Rockaway,HOWARD BCH JFK,Q,A,At Grade,40.660476,-73.830301,Manhattan,Rockaways
336,336,233,IRT,Eastern Pky,HOYT ST,Bk,2 3,Subway,40.690545,-73.985065,Manhattan,Flatbush - New Lots
175,175,A42,IND,8th Av - Fulton St,HOYT-SCHER,Bk,A C G,Subway,40.688484,-73.985001,Manhattan - Church Av,Euclid Av & Queens - Court Sq
516,516,S16,SIR,Staten Island,HUGUENOT,SI,SIR,Open Cut,40.533674,-74.191794,St George,Tottenville
463,463,720,IRT,Flushing,HUNTERS PT AV,Q,7,Subway,40.742216,-73.948916,Flushing,Manhattan
371,371,613,IRT,Pelham,HUNTS POINT AV,Bx,6,Subway,40.820948,-73.890549,Pelham Bay Park,Manhattan
431,431,218,IRT,Lenox - White Plains Rd,INTERVALE AV,Bx,2 5,Elevated,40.822181,-73.896736,Wakefield - Eastchester,Manhattan
143,143,A02,IND,8th Av - Fulton St,INWOOD-207 ST,M,A,Subway,40.868072,-73.919899,,Downtown & Brooklyn
433,433,220,IRT,Lenox - White Plains Rd,JACKSON AV,Bx,2 5,Elevated,40.81649,-73.907807,Wakefield - Eastchester,Manhattan
254,254,F01,IND,Queens Blvd,JAMAICA 179 ST,Q,F,Subway,40.712646,-73.783817,,Manhattan
278,278,G05,IND,Queens - Archer,JAMAICA CENTER,Q,E J Z,Subway,40.702147,-73.801109,,Manhattan
280,280,G07,IND,Queens - Archer,JAMAICA VAN WK,Q,E,Subway,40.702566,-73.816859,Jamaica Center,Manhattan
174,636,A41,IND,8th Av - Fulton St,JAY ST-METROTEC,Bk,A C F,Subway,40.692338,-73.987342,Manhattan,Euclid - Lefferts - Rockaways - Coney Island
25,636,R29,BMT,Broadway,JAY ST-METROTEC,Bk,R,Subway,40.69218,-73.985942,Manhattan,Bay Ridge - 95 St
508,508,S24,SIR,Staten Island,JEFFERSON AV,SI,SIR,Embankment,40.583591,-74.103338,St George,Tottenville
126,126,L15,BMT,Canarsie,JEFFERSON ST,Bk,L,Subway,40.706607,-73.922913,Manhattan,Canarsie - Rockaway Parkway
267,616,G14,IND,Queens Blvd,JKSN HT-ROOSVLT,Q,E F M R,Subway,40.746644,-73.891338,Forest Hills - Jamaica,Manhattan
451,451,707,IRT,Flushing,JUNCTION BLVD,Q,7,Elevated,40.749145,-73.869527,Flushing,Manhattan
349,349,254,IRT,Eastern Pky,JUNIUS ST,Bk,3,Elevated,40.663515,-73.902447,Manhattan,New Lots
259,259,F06,IND,Queens Blvd,KEW GARDENS,Q,E F,Subway,40.714441,-73.831008,Jamaica,Manhattan
250,250,F35,IND,6th Av - Culver,KINGS HWY,Bk,F,Elevated,40.603217,-73.972361,Manhattan,Coney Island
51,51,D35,BMT,Broadway - Brighton,KINGS HWY,Bk,B Q,Open Cut,40.60867,-73.957734,Manhattan,Brighton Beach & Coney Island
77,77,N08,BMT,Sea Beach,KINGS HWY,Bk,N,Open Cut,40.603923,-73.980353,Manhattan,Coney Island
212,212,D04,IND,Concourse,KINGSBRIDGE RD,Bx,B D,Subway,40.866978,-73.893509,Bedford Pk Blvd & 205 St,Manhattan
381,381,406,IRT,Jerome Av,KINGSBRIDGE RD,Bx,4,Elevated,40.86776,-73.897174,Woodlawn,Manhattan
344,344,249,IRT,Eastern Pky,KINGSTON AV,Bk,3,Subway,40.669399,-73.942161,Manhattan,New Lots
180,180,A47,IND,8th Av - Fulton St,KINGSTON-THROOP,Bk,C,Subway,40.679921,-73.940858,Manhattan,Euclid Av
113,113,M09,BMT,Myrtle Av,KNICKERBOCKER,Bk,M,Elevated,40.698664,-73.919711,Manhattan,Metropolitan Av
96,96,J31,BMT,Jamaica,KOSCIUSZKO ST,Bk,J,Elevated,40.693342,-73.928814,Jamaica,Manhattan
176,176,A43,IND,8th Av - Fulton St,LAFAYETTE AV,Bk,C,Subway,40.686113,-73.973946,Manhattan,Euclid Av
275,612,F11,IND,Queens Blvd,LEXINGTON AV/53,M,E M,Subway,40.757552,-73.969055,Queens,Downtown & Brooklyn
7,613,R11,BMT,Astoria,LEXINGTON AV/59 ST,M,N W R,Subway,40.76266,-73.967258,Queens,Downtown & Brooklyn
223,223,B08,IND,63rd St,LEXINGTON AV/63,M,F Q,Subway,40.764629,-73.966113,Uptown - Queens,Downtown & Brooklyn
185,185,A52,IND,8th Av - Fulton St,LIBERTY AV,Bk,C,Subway,40.674542,-73.896548,Manhattan,Euclid Av
135,135,L26,BMT,Canarsie,LIVONIA AV,Bk,L,Elevated,40.664038,-73.900571,Manhattan,Canarsie - Rockaway Parkway
372,372,614,IRT,Pelham,LONGWOOD AV,Bx,6,Subway,40.816104,-73.896435,Pelham Bay Park,Manhattan
121,629,L10,BMT,Canarsie,LORIMER ST,Bk,L,Subway,40.714063,-73.950275,Manhattan,Canarsie - Rockaway Parkway
99,99,M13,BMT,Jamaica,LORIMER ST,Bk,J M,Elevated,40.703869,-73.947408,Jamaica - Middle Village,Manhattan
296,296,106,IRT,Broadway - 7Av,MARBLE HILL-225,M,1,Elevated,40.874561,-73.909831,242 St,Downtown
101,101,M16,BMT,Jamaica,MARCY AV,Bk,J M Z,Elevated,40.708359,-73.957757,Jamaica - Middle Village,Manhattan
285,629,G29,IND,Crosstown,METROPOLITAN AV,Bk,G,Subway,40.712792,-73.951418,Queens,Church Av
448,448,702,IRT,Flushing,METS-WILLETS PT,Q,7,Elevated,40.754622,-73.845625,Flushing,Manhattan
108,108,M01,BMT,Myrtle Av,MIDDLE VILLAGE - METROPOLITAN AV,Q,M,Elevated,40.711396,-73.889601,Manhattan,
362,362,603,IRT,Pelham,MIDDLETOWN RD,Bx,6,Elevated,40.843863,-73.836322,Pelham Bay Park,Manhattan
124,124,L13,BMT,Canarsie,MONTROSE AV,Bk,L,Subway,40.707739,-73.93985,Manhattan,Canarsie - Rockaway Parkway
125,125,L14,BMT,Canarsie,MORGAN AV,Bk,L,Subway,40.706152,-73.933147,Manhattan,Canarsie - Rockaway Parkway
368,368,610,IRT,Pelham,MORISN AV/SNDVW,Bx,6,Elevated,40.829521,-73.874516,Pelham Bay Park,Manhattan
446,446,505,IRT,Dyre Av,MORRIS PARK,Bx,5,Open Cut,40.854364,-73.860495,Eastchester - Dyre Av,Manhattan
379,379,402,IRT,Jerome Av,MOSHOLU PKWY,Bx,4,Elevated,40.87975,-73.884655,Woodlawn,Manhattan
386,386,411,IRT,Jerome Av,MT EDEN AV,Bx,4,Elevated,40.844434,-73.914685,Woodlawn,Manhattan
97,97,M11,BMT,Jamaica,MYRTLE AV,Bk,J M Z,Elevated,40.697207,-73.935657,Jamaica - Middle Village,Manhattan
288,288,G32,IND,Crosstown,MYRTLE-WILLOUGH,Bk,G,Subway,40.694568,-73.949046,Queens,Church Av
128,630,L17,BMT,Canarsie,MYRTLE-WYCKOFF,Bk,L,Subway,40.699814,-73.911586,Manhattan,Canarsie - Rockaway Parkway
112,630,M08,BMT,Myrtle Av,MYRTLE-WYCKOFF,Bk,M,Elevated,40.69943,-73.912385,Manhattan,Metropolitan Av
284,284,G28,IND,Crosstown,NASSAU AV,Bk,G,Subway,40.724635,-73.951277,Queens,Church Av
53,53,D38,BMT,Broadway - Brighton,NECK RD,Bk,B Q,Open Cut,40.595246,-73.955161,Manhattan,Brighton Beach & Coney Island
253,253,F39,IND,6th Av - Culver,NEPTUNE AV,Bk,F,Elevated,40.581011,-73.974574,Manhattan,Stillwell Av
417,417,204,IRT,Lenox - White Plains Rd,NEREID AV,Bx,2 5,Elevated,40.898379,-73.854376,Wakefield - 241 St,Manhattan
337,337,234,IRT,Eastern Pky,NEVINS ST,Bk,2 3 4 5,Subway,40.688246,-73.980492,Manhattan,Flatbush - Utica - New Lots
510,510,S22,SIR,Staten Island,NEW DORP,SI,SIR,Open Cut,40.57348,-74.11721,St George,Tottenville
136,136,L27,BMT,Canarsie,NEW LOTS,Bk,L,Elevated,40.658733,-73.899232,Manhattan,Canarsie - Rockaway Parkway
352,352,257,IRT,Eastern Pky,NEW LOTS AV,Bk,3,Elevated,40.666235,-73.884079,Manhattan,
73,615,N04,BMT,Sea Beach,NEW UTRECHT AV,Bk,N,Open Cut,40.624842,-73.996353,Manhattan,Coney Island
358,358,246,IRT,Nostrand,NEWKIRK AV,Bk,2 5,Subway,40.639967,-73.948411,Manhattan,Flatbush
47,47,D31,BMT,Broadway - Brighton,NEWKIRK PLAZA,Bk,B Q,Open Cut,40.635082,-73.962793,Manhattan,Brighton Beach & Coney Island
269,269,G16,IND,Queens Blvd,NORTHERN BLVD,Q,M R,Subway,40.752885,-73.906006,Forest Hills,Manhattan
210,210,D01,IND,Concourse,NORWOOD 205 ST,Bx,D,Subway,40.874811,-73.878855,,Manhattan
88,88,J21,BMT,Jamaica,NORWOOD AV,Bk,J Z,Elevated,40.68141,-73.880039,Jamaica,Manhattan
179,179,A46,IND,8th Av - Fulton St,NOSTRAND AV,Bk,A C,Subway,40.680438,-73.950426,Manhattan,Euclid - Lefferts - Rockaways
343,343,248,IRT,Eastern Pky,NOSTRAND AV,Bk,3,Subway,40.669847,-73.950466,Manhattan,New Lots
511,511,S21,SIR,Staten Island,OAKWOOD HEIGHTS,SI,SIR,Open Cut,40.56511,-74.12632,St George,Tottenville
56,56,D41,BMT,Broadway - Brighton,OCEAN PKWY,Bk,Q,Elevated,40.576312,-73.968501,Manhattan,Stillwell Av
506,506,S26,SIR,Staten Island,OLD TOWN,SI,SIR,Embankment,40.596612,-74.087368,St George,Tottenville
195,195,A65,IND,Liberty Av,OZONE PK LEFFRT,Q,A,Elevated,40.685951,-73.825798,Manhattan,
331,624,228,IRT,Clark St,PARK PLACE,M,2 3,Subway,40.713051,-74.008811,Uptown & The Bronx,Downtown & Brooklyn
141,141,S03,BMT,Franklin Shuttle,PARK PLACE,Bk,S,Open Cut,40.674772,-73.957624,Franklin Av,Prospect Park
366,366,608,IRT,Pelham,PARKCHESTER,Bx,6,Elevated,40.833226,-73.860816,Pelham Bay Park,Manhattan
43,43,D27,BMT,Broadway - Brighton,PARKSIDE AV,Bk,B Q,Open Cut,40.655292,-73.961495,Manhattan,Brighton Beach & Coney Island
256,256,F03,IND,Queens Blvd,PARSONS BLVD,Q,F,Subway,40.707564,-73.803326,179 St,Manhattan
360,360,601,IRT,Pelham,PELHAM BAY PARK,Bx,6,Elevated,40.852462,-73.828121,,Manhattan
445,445,504,IRT,Dyre Av,PELHAM PKWY,Bx,5,Open Cut,40.858985,-73.855359,Eastchester - Dyre Av,Manhattan
424,424,211,IRT,Lenox - White Plains Rd,PELHAM PKWY,Bx,2 5,Elevated,40.857192,-73.867615,Wakefield - 241 St,Manhattan
350,350,255,IRT,Eastern Pky,PENNSYLVANIA AV,Bk,3,Elevated,40.664635,-73.894895,Manhattan,New Lots
518,518,S14,SIR,Staten Island,PLEASANT PLAINS,SI,SIR,Embankment,40.52241,-74.217847,St George,Tottenville
353,353,241,IRT,Nostrand,PRESIDENT ST,Bk,2 5,Subway,40.667883,-73.950683,Manhattan,Flatbush
17,17,R22,BMT,Broadway - Brighton,PRINCE ST,M,R W,Subway,40.724329,-73.997702,Uptown & Queens,Downtown & Brooklyn
517,517,S15,SIR,Staten Island,PRINCE'S BAY,SI,SIR,Open Cut,40.525507,-74.200064,St George,Tottenville
30,30,R34,BMT,4th Av,PROSPECT AV,Bk,R,Subway,40.665414,-73.992872,Manhattan,Bay Ridge - 95 St
432,432,219,IRT,Lenox - White Plains Rd,PROSPECT AV,Bx,2 5,Elevated,40.819585,-73.90177,Wakefield - Eastchester,Manhattan
42,42,D26,BMT,Broadway - Brighton,PROSPECT PARK,Bk,B Q,Open Cut,40.661614,-73.962246,Manhattan & Franklin Av,Brighton Beach & Coney Island
273,273,G21,IND,Queens Blvd,QUEENS PLAZA,Q,E M R,Subway,40.748973,-73.937243,Forest Hills - Jamaica,Manhattan
461,461,R09,BMT,Astoria,QUEENSBORO PLZ,Q,N W,Elevated,40.750582,-73.940202,Astoria - Flushing,Manhattan
461,461,718,IRT,Flushing,QUEENSBORO PLZ,Q,7,Elevated,40.750582,-73.940202,Astoria - Flushing,Manhattan
182,182,A49,IND,8th Av - Fulton St,RALPH AV,Bk,C,Subway,40.678822,-73.920786,Manhattan,Euclid Av
22,22,R26,BMT,Broadway,RECTOR ST,M,R W,Subway,40.70722,-74.013342,Uptown & Queens,Downtown & Brooklyn
329,329,139,IRT,Broadway - 7Av,RECTOR ST,M,1,Subway,40.707513,-74.013783,Uptown & The Bronx,Downtown
519,519,S13,SIR,Staten Island,RICHMOND VALLEY,SI,SIR,Open Cut,40.519631,-74.229141,St George,Tottenville
183,183,A50,IND,8th Av - Fulton St,ROCKAWAY AV,Bk,C,Subway,40.67834,-73.911946,Manhattan,Euclid Av
348,348,253,IRT,Eastern Pky,ROCKAWAY AV,Bk,3,Elevated,40.662549,-73.908946,Manhattan,New Lots
192,192,A61,IND,Liberty Av,ROCKAWAY BLVD,Q,A,Elevated,40.680429,-73.843853,Manhattan,Lefferts - Rockaways
203,203,H15,IND,Rockaway,ROCKAWAY PARK B,Q,A S,At Grade,40.580903,-73.835592,Manhattan,
222,222,B06,IND,63rd St,ROOSEVELT ISLND,M,F,Subway,40.759145,-73.95326,Queens,Manhattan
347,347,252,IRT,Eastern Pky,SARATOGA AV,Bk,3,Elevated,40.661453,-73.916327,Manhattan,New Lots
111,111,M06,BMT,Myrtle Av,SENECA AVE,Q,M,Elevated,40.702762,-73.90774,Manhattan,Metropolitan Av
54,54,D39,BMT,Broadway - Brighton,SHEEPSHEAD BAY,Bk,B Q,Open Cut,40.586896,-73.954155,Manhattan,Brighton Beach & Coney Island
187,187,A54,IND,8th Av - Fulton St,SHEPHERD AV,Bk,C,Subway,40.67413,-73.88075,Manhattan,Euclid Av
430,430,217,IRT,Lenox - White Plains Rd,SIMPSON ST,Bx,2 5,Elevated,40.824073,-73.893064,Wakefield - Eastchester,Manhattan
238,238,F22,IND,6th Av - Culver,SMITH-9 ST,Bk,F G,Viaduct,40.67358,-73.995959,Manhattan - Queens,Church Av - Coney Island
330,635,142,IRT,Broadway - 7Av,SOUTH FERRY,M,1,Subway,40.702068,-74.013664,Uptown & The Bronx,
168,168,A33,IND,8th Av - Fulton St,SPRING ST,M,C E,Subway,40.726227,-74.003739,Uptown - Queens,Downtown & Brooklyn
409,409,638,IRT,Lexington Av,SPRING ST,M,6,Subway,40.722301,-73.997141,Uptown & The Bronx,Downtown
367,367,609,IRT,Pelham,ST LAWRENCE AV,Bx,6,Elevated,40.831509,-73.867618,Pelham Bay Park,Manhattan
501,501,S31,SIR,Staten Island,ST. GEORGE,SI,SIR,Open Cut,40.643748,-74.073643,,Tottenville
503,503,S29,SIR,Staten Island,STAPLETON,SI,SIR,Elevated,40.627915,-74.075162,St George,Tottenville
271,271,G19,IND,Queens Blvd,STEINWAY ST,Q,M R,Subway,40.756879,-73.92074,Forest Hills,Manhattan
354,354,242,IRT,Nostrand,STERLING ST,Bk,2 5,Subway,40.662742,-73.95085,Manhattan,Flatbush
257,257,F04,IND,Queens Blvd,SUTPHIN BLVD,Q,F,Subway,40.70546,-73.810708,179 St,Manhattan
279,279,G06,IND,Queens - Archer,SUTPHIN-ARCHER,Q,E J Z,Subway,40.700486,-73.807969,Jamaica Center,Manhattan
134,134,L25,BMT,Canarsie,SUTTER AV,Bk,L,Elevated,40.669367,-73.901975,Manhattan,Canarsie - Rockaway Parkway
346,346,251,IRT,Eastern Pky,SUTTER AV-RUTLD,Bk,3,Elevated,40.664717,-73.92261,Manhattan,New Lots
317,611,127,IRT,Broadway - 7Av,TIMES SQ-42 ST,M,1 2 3,Subway,40.75529,-73.987495,Uptown & The Bronx,Downtown & Brooklyn
11,611,R16,BMT,Broadway - Brighton,TIMES SQ-42 ST,M,N Q R W,Subway,40.754672,-73.986754,Uptown & Queens,Downtown & Brooklyn
467,611,725,IRT,Flushing,TIMES SQ-42 ST,M,7,Subway,40.755477,-73.987691,Queens,34 St - Hudson Yards
468,611,902,IRT,Lexington - Shuttle,TIMES SQ-42 ST,M,S,Subway,40.755983,-73.986229,,Grand Central
502,502,S30,SIR,Staten Island,TOMPKINSVILLE,SI,SIR,At Grade,40.636949,-74.074835,St George,Tottenville
522,522,S09,SIR,Staten Island,TOTTENVILLE,SI,SIR,At Grade,40.512764,-74.251961,St George,
215,215,D07,IND,Concourse,TREMONT AV,Bx,B D,Subway,40.85041,-73.905227,Bedford Pk Blvd & 205 St,Manhattan
117,602,L03,BMT,Canarsie,UNION SQ - 14 ST,M,L,Subway,40.734789,-73.99073,8 Av,Brooklyn
28,28,R32,BMT,4th Av,UNION ST,Bk,R,Subway,40.677316,-73.98311,Manhattan,Bay Ridge - 95 St
181,181,A48,IND,8th Av - Fulton St,UTICA AV,Bk,A C,Subway,40.679364,-73.930729,Manhattan,Euclid - Lefferts - Rockaways
293,293,101,IRT,Broadway - 7Av,V.CORTLANDT PK,Bx,1,Elevated,40.889248,-73.898583,,Manhattan
186,186,A53,IND,8th Av - Fulton St,VAN SICLEN AV,Bk,C,Subway,40.67271,-73.890358,Manhattan,Euclid Av
351,351,256,IRT,Eastern Pky,VAN SICLEN AV,Bk,3,Elevated,40.665449,-73.889395,Manhattan,New Lots
90,90,J23,BMT,Jamaica,VAN SICLEN AV,Bk,J Z,Elevated,40.678024,-73.891688,Jamaica,Manhattan
464,464,721,IRT,Flushing,VERNON-JACKSON,Q,7,Subway,40.742626,-73.953581,Flushing,Manhattan
167,167,D20,IND,6th Av - Culver,W 4 ST-WASH SQ,M,B D F M,Subway,40.732338,-74.000495,Uptown - Queens,Downtown & Brooklyn
167,167,A32,IND,8th Av - Fulton St,W 4 ST-WASH SQ,M,A C E,Subway,40.732338,-74.000495,Uptown - Queens,Downtown & Brooklyn
57,57,D42,BMT,Broadway - Brighton,W 8 ST-AQUARIUM,Bk,F Q,Elevated,40.576127,-73.975939,Manhattan,Stillwell Av
416,416,201,IRT,Lenox - White Plains Rd,WAKEFIELD/241,Bx,2,Elevated,40.903125,-73.85062,,Manhattan
333,333,230,IRT,Clark St,WALL ST,M,2 3,Subway,40.706821,-74.0091,Uptown & The Bronx,Brooklyn
413,413,419,IRT,Lexington Av,WALL ST,M,4 5,Subway,40.707557,-74.011862,Uptown & The Bronx,Downtown & Brooklyn
427,427,214,IRT,Lenox - White Plains Rd,WEST FARMS SQ,Bx,2 5,Elevated,40.840295,-73.880049,Wakefield - Eastchester,Manhattan
363,363,604,IRT,Pelham,WESTCHESTER SQ,Bx,6,Elevated,40.839892,-73.842952,Pelham Bay Park,Manhattan
23,635,R27,BMT,Broadway,WHITEHALL S-FRY,M,R W,Subway,40.703087,-74.012994,Uptown & Queens,Brooklyn
370,370,612,IRT,Pelham,WHITLOCK AV,Bx,6,Elevated,40.826525,-73.886283,Pelham Bay Park,Manhattan
130,130,L20,BMT,Canarsie,WILSON AV,Bk,L,Subway,40.688764,-73.904046,Manhattan,Canarsie - Rockaway Parkway
355,355,243,IRT,Nostrand,WINTHROP ST,Bk,2 5,Subway,40.656652,-73.9502,Manhattan,Flatbush
83,83,J15,BMT,Jamaica,WOODHAVEN BLVD,Q,J Z,Elevated,40.693879,-73.851576,Jamaica,Manhattan
264,264,G11,IND,Queens Blvd,WOODHAVEN BLVD,Q,M R,Subway,40.733106,-73.869229,Forest Hills,Manhattan
378,378,401,IRT,Jerome Av,WOODLAWN,Bx,4,Elevated,40.886037,-73.878751,,Manhattan
171,624,E01,IND,8th Av - Fulton St,WORLD TRADE CTR,M,E,Subway,40.712582,-74.009781,Uptown & Queens,
328,328,138,IRT,Broadway - 7Av,WTC-CORTLANDT,M,1,Subway,40.711835,-74.012188,Uptown & The Bronx,Downtown
235,235,F18,IND,6th Av - Culver,YORK ST,Bk,F,Subway,40.701397,-73.986751,Manhattan,Coney Island
364,364,606,IRT,Pelham,ZEREGA AV,Bx,6,Elevated,40.836488,-73.847036,Pelham Bay Park,Manhattan
